Main Category,Sub-category,Query1,Query2,Query3,Query4,Query5,Query6,Query7,Query8,Query9,Query10,Query11,Query12,Query13,Query14,Query15,Query16,Query17,Query18,Query19,Query20,Query21,Query22,Query23,Query24
Family & Relationships,Family,rekomendasi studio foto keluarga jakarta,ide outfit foto keluarga indoor,tempat wisata keluarga ramah anak bandung,restoran keluarga ada playground di jakarta,ide games kumpul keluarga lebaran,cara mengatasi konflik mertua dan menantu,tips mengatur keuangan keluarga muda,asuransi kesehatan keluarga terbaik 2025,rekomendasi mobil keluarga irit bbm,menu masakan sehari-hari untuk keluarga,cara membuat kartu keluarga online,syarat pindah kk terbaru 2025,paket liburan keluarga murah ke bali,hotel ramah anak di puncak bogor,biaya jasa foto keluarga outdoor,ide kado untuk ibu mertua,tips bonding dengan anak remaja,cara menghadapi toxic family member,aplikasi pengatur jadwal keluarga,tempat camping keluarga di sentul,rekomendasi villa keluarga di batu malang,cara mendidik anak era digital,komunitas parenting ayah indonesia,tips menjaga keharmonisan rumah tangga
Family & Relationships,Mom & Kids,resep mpasi 6 bulan anti lepeh,cara mengatasi anak gtm tumbuh gigi,menu mpasi penambah berat badan bayi,rekomendasi stroller cabin size murah,vitamin penambah nafsu makan anak 2 tahun,obat batuk pilek bayi yang aman,cara menyapih anak tanpa drama,rekomendasi skincare bayi kulit sensitif,review popok bayi anti ruam terbaik,ide bekal sekolah anak tk simple,cara melatih anak potty training,rekomendasi mainan edukasi anak 1 tahun,biaya masuk sd swasta jakarta 2025,cara mengatasi tantrum pada anak 3 tahun,resep camilan anak tinggi kalori,rekomendasi dokter anak terbaik jakarta selatan,jadwal imunisasi anak umur 2 tahun,tanda tanda anak speech delay,rekomendasi bubur bayi instan yang bagus,cara memijat bayi agar tidur nyenyak,tips parenting anak gen alpha,rekomendasi playground anak di mall jakarta,baju anak branded preloved trusted,lomba balita sehat indonesia 2025
Family & Relationships,Couple,ide kado anniversary untuk pacar cowok,tempat dinner romantis murah di jakarta,rekomendasi cincin tunangan harga 3 jutaan,kata kata ucapan anniversary aesthetic,tempat prewedding outdoor di bogor,biaya nikah di kua 2025,ide date night di rumah hemat,tips hubungan ldr biar langgeng,cara menyelesaikan masalah dengan pasangan,rekomendasi hotel honeymoon di bali private pool,inspirasi ootd couple kondangan,film romantis indonesia terbaru 2025,tempat wisata romantis di jogja malam hari,cara bikin pasangan makin sayang,tanda pasangan red flag yang harus dihindari,ide kejutan ulang tahun untuk suami,rekomendasi tempat ngedate di blok m,paket wedding murah jakarta 2025,syarat nikah siri dan biayanya,tips nabung nikah gaji umr,cafe rooftop romantis di surabaya,cara menghadapi pasangan silent treatment,model baju couple lebaran 2025,rekomendasi parfum pria yang disukai wanita
Family & Relationships,Dating,aplikasi dating terpercaya di indonesia 2025,cara bikin bio tinder yang menarik,ide first date biar gak awkward,rekomendasi tempat first date di jakarta selatan,topik obrolan seru sama gebetan,cara mengetahui cowok suka sama kita,tips aman ketemuan teman online,istilah gaul dating apps 2025,cara ghosting secara halus,tanda cowok love bombing,rekomendasi cafe buat ngedate di bandung,cara pdkt lewat chat biar gak bosen,aplikasi cari jodoh siap nikah,tips move on dari mantan terindah,cara membedakan cowok serius dan main main,bahasa jaksel dalam dunia dating,apa arti fwb dalam bahasa gaul,rekomendasi outfit first date hijab,tempat nongkrong hits di kemang buat pacaran,cara merespon chat dari gebetan,tanda cewek naksir tapi gengsi,aplikasi taaruf online indonesia terbaik,tips kencan buta biar aman,cara ajak jalan gebetan tanpa maksa
"Fashion, Beauty & Wellness",Fashion,tren warna baju lebaran 2025 wanita,model gamis terbaru 2025 simple elegan,ootd hijab remaja kekinian untuk hangout,rekomendasi brand lokal baju wanita kualitas premium,outfit kondangan hijab modern celana,baju koko pria warna mocha mousse,kebaya wisuda modern hijab 2025,celana kulot high waist untuk wanita pendek,rekomendasi tas brand lokal under 200rb,sepatu sneakers wanita lokal berkualitas,inspirasi outfit cewek kue hijab,tren fashion pria 2025 indonesia,baju sarimbit keluarga lebaran 2025 warna burgundy,warna jilbab yang bikin wajah cerah,outfit nonton konser hijab simple,cara mix and match baju oversize pria,rekomendasi toko baju thrift online terpercaya,model baju batik kantor wanita terbaru,outfit liburan ke bromo hijab,style cowok skena 2025,rekomendasi sandal kondangan wanita empuk,bahan kain yang adem untuk gamis,jaket varsity vintage second original,tren kacamata minus wanita wajah bulat
"Fashion, Beauty & Wellness",Beauty,urutan pemakaian skincare pagi dan malam,rekomendasi sunscreen untuk kulit berminyak dan berjerawat,review cushion lokal untuk kulit sawo matang,cara memperbaiki skin barrier yang rusak,manfaat retinol untuk pemula,tutorial makeup natural untuk sehari hari,rekomendasi lip tint tahan lama anti geser,cara menghilangkan bekas jerawat merah,rekomendasi moisturizer untuk kulit kering,obat totol jerawat ampuh di apotik,tren warna rambut 2025 wanita,cara memakai softlens untuk pemula,rekomendasi serum mencerahkan wajah bpom,review jujur skincare the originote,cara shading hidung biar mancung,rekomendasi body lotion pemutih kulit cepat,tips makeup flawless tahan lama,rekomendasi maskara waterproof murah,cara eksfoliasi wajah yang benar,produk douyin makeup yang bagus,rekomendasi bedak tabur untuk kulit berminyak,tips agar makeup tidak crack,manfaat mugwort mask untuk wajah,rekomendasi eye cream untuk mata panda
"Fashion, Beauty & Wellness",Health,jadwal imunisasi anak 2025 di puskesmas,cara mengatasi sakit gigi berlubang tanpa obat,menu diet defisit kalori seminggu,obat batuk alami dewasa paling ampuh,klinik gigi bpjs terdekat dari lokasi saya,cara menurunkan kolesterol tinggi secara alami,gejala asam lambung naik ke dada,manfaat minum air lemon hangat pagi hari,rekomendasi vitamin c yang bagus untuk daya tahan tubuh,jadwal dokter tht rs hermina,cara mengecilkan perut buncit pada wanita,biaya cabut gigi di puskesmas 2025,efek samping diet intermiten fasting,cara mengatasi susah tidur di malam hari,rekomendasi susu protein untuk diet,cara menghitung berat badan ideal bmi,manfaat olahraga lari pagi,makanan penurun darah tinggi paling cepat,klinik kecantikan terbaik di jakarta selatan,cara daftar bpjs kesehatan online,biaya medical check up di prodia 2025,tips menjaga kesehatan mata minus,penyebab sering pusing kepala sebelah,cara mengatasi hidung tersumbat pada bayi
"Fashion, Beauty & Wellness",Sports,jadwal lari marathon indonesia 2025,rekomendasi sepatu lari lokal terbaik,tempat main padel di jakarta selatan,harga sewa lapangan badminton per jam,cara daftar member gym golds gym,teknik dasar renang gaya bebas,manfaat olahraga pilates untuk wanita,rekomendasi baju olahraga muslimah syari,jadwal pertandingan timnas indonesia 2025,komunitas lari di gelora bung karno,tips pemanasan sebelum lari,harga raket badminton lining original,cara mengecilkan paha dengan olahraga,tempat yoga pemula di bandung,rekomendasi sepeda lipat murah berkualitas,biaya kursus renang dewasa jakarta,perlengkapan lari trail run pemula,jadwal proliga 2025 putra putri,manfaat olahraga pound fit,cara memegang raket tenis lapangan,rekomendasi smart watch untuk olahraga murah,tempat main mini soccer jakarta timur,tips diet ala pemain bola,harga tiket indonesia open 2025
"Fashion, Beauty & Wellness",Mental Health & Mindfulness,tanda tanda gangguan kecemasan pada remaja,cara mengatasi stres karena pekerjaan,psikolog bpjs jakarta selatan,rekomendasi buku self healing best seller,tempat meditasi di bali untuk pemula,aplikasi konseling psikolog online gratis,tanda burnout dan cara mengatasinya,manfaat journaling untuk kesehatan mental,cara menghadapi orang toxic di kantor,rekomendasi podcast kesehatan mental indonesia,biaya konsultasi psikiater di rumah sakit,cara meningkatkan kepercayaan diri introvert,pengertian mindfulness dalam psikologi,tanda depresi ringan yang sering diabaikan,cara berdamai dengan trauma masa lalu,manfaat meditasi sebelum tidur,komunitas kesehatan mental indonesia,film tentang kesehatan mental di netflix,cara mengatasi panic attack sendirian,pentingnya self love untuk wanita,tips menjaga kesehatan mental ibu rumah tangga,cara melatih mindfulness sehari hari,pengaruh media sosial terhadap kesehatan mental,tempat healing di sentul yang sepi
Lifestyle & Leisure,Lifestyle,tren gaya hidup slow living indonesia,apa itu fomo dalam bahasa gaul,rekomendasi cafe wfc di jakarta selatan,komunitas buku di jakarta,tips hidup minimalis untuk pemula,gaya hidup zero waste indonesia,apa arti stecu dalam bahasa gaul,tren warna outfit 2025,tempat nongkrong hits di scbd,cara menjadi digital nomad pemula,rekomendasi coworking space jakarta pusat,event lari jakarta 2025,tempat thrifting baju branded di bandung,hobi yang menghasilkan uang 2025,tren mobil listrik indonesia 2025,cara adopt kucing bobby kertanegara,istilah gaul jaksel 2025,gaya hidup sehat ala gen z,komunitas sepeda lipat jakarta,tren rumah minimalis 2025,biaya hidup di bali untuk sebulan,rekomendasi podcast pengembangan diri,event pameran seni jakarta 2025,komunitas lari pagi senayan
Lifestyle & Leisure,Travelling,rekomendasi tempat wisata di bandung terbaru 2025,paket tour labuan bajo murah 2025,hotel instagramable di jogja dekat malioboro,syarat masuk singapura terbaru 2025,tempat healing di bogor nuansa alam,rekomendasi koper kabin yang bagus dan murah,itinerary bali 4 hari 3 malam low budget,wisata hidden gem di bali utara,tiket masuk candi borobudur terbaru,cara bikin paspor online 2025,rekomendasi glamping di kintamani bali,biaya liburan ke jepang seminggu,tempat wisata ramah anak di malang,tips solo traveling wanita pemula,rekomendasi pantai di gunung kidul yang sepi,jadwal kereta api jakarta bandung whoosh,wisata kuliner semarang legendaris,promo tiket pesawat traveloka hari ini,open trip raja ampat 2025,rekomendasi villa di puncak ada kolam renang,tempat wisata viral di tangerang,tips packing baju biar muat banyak,wisata alam di sentul bogor,rekomendasi tempat honeymoon di lombok
Lifestyle & Leisure,Home Living,ide dekorasi kamar tidur estetik low budget,rekomendasi air purifier terbaik untuk alergi,cara merawat tanaman monstera deliciosa,rekomendasi robot vacuum cleaner murah,warna cat rumah minimalis modern 2025,inspirasi dapur minimalis ukuran kecil,rekomendasi kasur orthopedic untuk sakit punggung,cara membasmi semut di rumah secara alami,rekomendasi sofa ruang tamu minimalis modern,tanaman hias indoor pembersih udara,ide desain rumah tumbuh type 36,rekomendasi panci set anti lengket terbaik,tips menata rumah kecil biar terlihat luas,rekomendasi wajan batu medis yang bagus,biaya jasa desain interior apartemen studio,cara membersihkan noda di sofa kain,rekomendasi sprei katun jepang adem,ide taman belakang rumah minimalis,rekomendasi mesin cuci front loading hemat listrik,cara menghilangkan bau apek di lemari baju,inspirasi desain kamar mandi kering,rekomendasi smart door lock murah,tips feng shui rumah pembawa rejeki,rekomendasi toko furniture scandinavian
Lifestyle & Leisure,Remote Working,rekomendasi laptop untuk kerja remote murah,lowongan kerja remote luar negeri gaji dolar,situs freelance terpercaya untuk pemula,cara menjadi virtual assistant tanpa pengalaman,rekomendasi kursi kerja ergonomis murah,tips produktif kerja dari rumah,aplikasi meeting online selain zoom,rekomendasi cafe di bali untuk digital nomad,koneksi internet provider terbaik untuk wfh,cara mengatur jam kerja freelance,rekomendasi mouse wireless silent click,skill yang dibutuhkan untuk kerja remote,platform cari kerja remote indonesia,ide bisnis rumahan modal kecil untung besar,cara mengatasi kesepian saat kerja remote,rekomendasi keyboard mekanikal murah,tips interview kerja online bahasa inggris,coworking space 24 jam di jakarta,pajak untuk freelancer di indonesia,cara membuat invoice jasa freelance,rekomendasi headset dengan mic terbaik untuk meeting,manajemen waktu untuk ibu bekerja dari rumah,lowongan data entry online terpercaya,tips work life balance saat wfh
Lifestyle & Leisure,Gardening,tanaman hias viral 2025,cara merawat janda bolong agar subur,tanaman indoor yang minim perawatan,media tanam aglonema biar cepat beranak,rekomendasi pupuk organik cair untuk buah,cara menanam cabe rawit di polybag,jenis philodendron yang mahal,toko tanaman hias terdekat,cara membasmi kutu putih pada tanaman,rekomendasi rak bunga besi minimalis,tanaman gantung tahan panas,cara stek tanaman hias monstera,jenis calathea dan harganya,tips berkebun di lahan sempit,manfaat sekam bakar untuk tanaman,cara membuat kompos dari sampah dapur,rekomendasi gunting dahan yang bagus,tanaman pengusir nyamuk di kamar,cara merawat kaktus dan sukulen,inspirasi taman kering dalam rumah,harga tanaman hias anthurium terbaru,rekomendasi pot tanaman estetik,cara mengatasi akar busuk pada tanaman,jenis tanaman herbal yang mudah ditanam
Food & Beverage,Cooking,resep ayam goreng bawang putih viral,cara membuat sambal ijo padang asli,resep seblak kerupuk mawar rafael,bumbu nasi goreng kecap pedas,resep donat kentang empuk tahan lama,cara memasak daging sapi biar cepat empuk,resep soto ayam lamongan koya,cara membuat dimsum ayam udang lembut,resep kue kering lebaran terbaru 2025,cara bikin kulit risoles anti sobek,resep bolu kukus mekar tanpa soda,menu masakan seminggu hemat,resep sayur asem jakarta segar,cara membuat bawang goreng renyah tahan lama,resep rendang daging sapi padang asli,cara membuat pempek palembang lembut,resep brownies kukus chocolatos simple,cara masak nasi kebuli rice cooker,resep sambal gami khas bontang,cara membuat salad buah creamy,resep tempe mendoan banyumas asli,cara membuat kuah bakso sapi bening enak,resep ikan bakar bumbu kecap pedas manis,tips menyimpan sayuran di kulkas biar awet
Food & Beverage,Foodies,rekomendasi kuliner viral tiktok 2025,makanan viral di blok m terbaru,review jujur cromboloni viral,tempat makan nuansa alam di sentul,cafe instagramable di jakarta selatan,kuliner malam bandung 24 jam,jajanan pasar kekinian untuk jualan,review mochi megalodon viral,harga udang carabineros rachel vennya,tempat makan keluarga di puncak,rekomendasi all you can eat murah jakarta,kuliner legendaris surakarta,review makanan stasiun tebet,kuliner pedas gila di surabaya,resep menu diet enak dan murah,jajanan sd viral 2025,rekomendasi catering harian jakarta selatan,tempat makan seafood enak di muara karang,kuliner viral jogja dekat malioboro,review jujur seblak rafael,tempat makan durian enak di jakarta,rekomendasi bakery enak di jakarta pusat,kuliner kaki lima pasar lama tangerang,tempat nongkrong murah di kemang
Food & Beverage,Beverages,resep es teler teko viral,cara membuat kopi susu gula aren kekinian,resep jus buah untuk diet detox,minuman viral tiktok 2025,cara membuat matcha latte ala cafe,resep es campur medan asli,minuman penambah imun tubuh alami,resep wedang uwuh asli jogja,cara membuat boba sendiri di rumah,resep es pisang ijo makassar lembut,manfaat minum air kelapa muda setiap hari,resep sirup jeruk kunci bangka,cara membuat cold brew coffee di rumah,resep es lumut nutrijell viral,minuman collagen yang bagus di indomaret,resep jamu kunyit asam segar,cara membuat thai tea original,resep es doger bandung komplit,minuman coklat panas ala cafe,resep es oyen bandung asli,cara membuat infused water lemon,resep bir pletok betawi asli,resep es kuwut bali segar,cara membuat susu almond sendiri
Food & Beverage,Street Food,jajanan viral cidog aci endog,rekomendasi street food blok m,harga telur gulung sd sekarang,lokasi jualan mochi megalodon terdekat,resep cilok bumbu kacang empuk,jajanan korea halal di jakarta,rekomendasi batagor enak di bandung,tempat makan seblak prasmanan terdekat,jajanan viral di pasar lama tangerang,resep cilor abang abang sd,kuliner sate taichan senayan yang asli,rekomendasi martabak manis tebal di jakarta,jajanan viral leker paimo semarang,tempat makan bakso aci enak di garut,resep sempol ayam crispy,jajanan pinggir jalan yang lagi viral,rekomendasi lumpia basah bandung,tempat makan soto mie bogor enak,kuliner nasi gila gondrong menteng,resep tahu gejrot cirebon asli,jajanan viral corndog mozarella,tempat makan nasi kulit syuurga terdekat,rekomendasi pisang goreng madu bu nanik,lokasi pancong lumer terdekat
Toys & Hobbies,Automotive,subsidi motor listrik 2025 syarat,harga motor listrik polytron fox r subsidi,review honda em1 e indonesia,syarat dapat subsidi motor listrik 7 juta,daftar motor listrik subsidi pemerintah 2025,harga mobil listrik wuling air ev bekas,biaya pajak mobil listrik 2025,rekomendasi oli motor matic terbaik,cara merawat baterai motor listrik,bengkel modifikasi motor custom jakarta,harga ban motor tubeless ring 14,rekomendasi helm full face murah berkualitas,cara balik nama motor online,biaya servis rutin mobil toyota avanza,kelebihan dan kekurangan motor listrik alva cervo,rekomendasi dashcam mobil terbaik 2025,cara mengurus stnk hilang tanpa calo,harga motor vespa matic bekas,tips membeli mobil bekas berkualitas,biaya ganti plat nomor motor 5 tahunan,rekomendasi sarung tangan motor anti air,cara klaim asuransi mobil lecet,rekomendasi motor matic irit bensin 2025,harga aki mobil gs astra
Toys & Hobbies,Gamer,jadwal mpl id season 15 hari ini,build hero ling tersakit 2025,cara top up diamond ml murah aman,settingan sensitivitas pubg mobile terbaru,kode redeem ff hari ini 2025 yang belum digunakan,rekomendasi hp gaming 3 jutaan terbaik,tier list honor of kings indonesia,turnamen valorant indonesia 2025,cara main role jungler mobile legends,review infinix gt 30 pro gaming test,game penghasil uang langsung ke dana,cara mengatasi lag saat main game online,rekomendasi headset gaming murah bass mantap,jadwal rilis gta 6 indonesia,tutorial main fanny kabel darat,game open world android terbaik 2025,spek pc untuk main gta 5 rp,harga skin mlbb x jujutsu kaisen,profil pro player rrq lemon,cara live streaming game di tiktok pemula,game horor multiplayer android seru,rekomendasi kursi gaming murah nyaman,tips push rank epic ke mythic solo,event mobile legends terbaru 2025
Toys & Hobbies,Gadget Enthusiast,rekomendasi hp 3 jutaan terbaik 2025,spesifikasi infinix gt 30 pro 5g,review samsung galaxy a15 5g indonesia,harga iphone 13 di ibox terbaru,rekomendasi tablet murah untuk kuliah,perbandingan vivo v50 lite vs oppo a79,cara cek kesehatan baterai android,rekomendasi tws murah bass mantap,harga laptop asus rog terbaru,rekomendasi power bank fast charging terbaik,cara memindahkan data android ke iphone,review realme 12 5g indonesia,hp baterai 6000mah harga 2 jutaan,rekomendasi smartwatch murah fitur lengkap,cara mengatasi hp panas saat main game,harga ipad air 5 untuk pelajar,rekomendasi gimbal hp murah berkualitas,review kamera iphone 15 pro max,cara melacak hp hilang dalam keadaan mati,rekomendasi mouse wireless gaming murah,harga macbook air m1 bekas,tips merawat layar hp amoled,rekomendasi hp kamera terbaik harga 4 jutaan,review poco x6 5g indonesia
Toys & Hobbies,Anime & Manga,nonton anime sakamoto days sub indo,jadwal rilis solo leveling season 2,baca manga one piece chapter terbaru sub indo,rekomendasi anime winter 2025 terbaik,situs baca manhwa legal bahasa indonesia,karakter terkuat di jujutsu kaisen,urutan nonton demon slayer yang benar,spoiler ending attack on titan anime,rekomendasi anime romance comedy 2025,jadwal rilis anime re zero season 3,baca manga boruto two blue vortex sub indo,rekomendasi anime isekai overpower,tempat beli komik manga original online,urutan nonton fate series untuk pemula,karakter anime terpopuler 2025,review anime dandadan indonesia,jadwal rilis anime kaiju no 8,rekomendasi anime sport terbaik sepanjang masa,aplikasi nonton anime legal gratis,fakta menarik gojo satoru,komunitas cosplay jakarta,event jejepangan jakarta 2025,rekomendasi manhwa action terbaik,download wallpaper anime 4k pc
Toys & Hobbies,K-Pop,jadwal konser kpop di indonesia 2025,harga tiket konser seventeen jakarta 2025,biodata member baby monster lengkap,cara beli tiket konser di weverse,lirik lagu newjeans terbaru dan terjemahan,rekomendasi lagu nct dream yang enak didengar,fakta menarik zayyan xodiac,jadwal comeback kpop februari 2025,toko merchandise kpop resmi di indonesia,cara ikut fansign online kpop,profil member riize sm entertainment,rekomendasi drama korea yang dibintangi idol kpop,berita dating idol kpop terbaru,harga album kpop original,cara voting music bank kpop,grup kpop generasi 5 siapa saja,rekomendasi lagu stray kids yang hype,jadwal wajib militer bts member,fakta menarik lisa blackpink,cara bergabung fanclub resmi kpop,rekomendasi lightstick kpop paling unik,konser nct 127 jakarta 2025,profil member treasure lengkap,agensi kpop yang buka audisi global 2025
Toys & Hobbies,Pets Cats,cara merawat kucing persia untuk pemula,makanan kucing murah berkualitas bagus,jenis kucing bobby kertanegara,biaya steril kucing betina 2025,rekomendasi vitamin kucing penambah nafsu makan,cara menghilangkan kutu kucing secara alami,tanda kucing hamil dan mau melahirkan,rekomendasi pasir kucing yang wangi dan menggumpal,jadwal vaksin kucing usia 3 bulan,cara menggemukkan kucing kampung,klinik hewan 24 jam terdekat,rekomendasi makanan kucing basah untuk kitten,cara memandikan kucing yang takut air,tanda kucing cacingan dan cara mengobatinya,harga kucing british shorthair di indonesia,rekomendasi obat jamur kucing paling ampuh,cara melatih kucing buang air di pasir,rekomendasi pet cargo kucing murah,manfaat minyak ikan untuk bulu kucing,cara mengatasi kucing diare dan muntah,biaya grooming kucing panggilan ke rumah,rekomendasi mainan kucing interaktif,jenis kucing ras yang cocok untuk anak,pameran hewan iipe 2025 bsd
Toys & Hobbies,Pets Dogs,rekomendasi makanan anjing untuk bulu rontok,cara melatih anjing agar tidak gonggong terus,jenis anjing kecil yang tidak mudah rontok,biaya vaksin anjing lengkap 2025,taman ramah anjing di jakarta,rekomendasi shampoo anjing anti kutu,cara mengatasi anjing kutuan parah,tanda anjing sakit parvo,rekomendasi snack anjing sehat,cara memandikan anjing di rumah,harga anjing golden retriever puppy,klinik dokter hewan spesialis anjing,rekomendasi harness anjing yang nyaman,cara melatih anjing potty training,makanan manusia yang boleh dimakan anjing,tips merawat anjing husky di indonesia,biaya steril anjing jantan,komunitas pecinta anjing jakarta,rekomendasi mainan gigit anjing kuat,tanda anjing keracunan makanan,cara membersihkan telinga anjing,rekomendasi vitamin bulu anjing terbaik,jenis anjing penjaga rumah terbaik,tempat penitipan anjing terpercaya jakarta
Toys & Hobbies,Pets Others,cara merawat hamster untuk pemula,makanan kelinci biar cepat besar,harga burung murai batu medan,cara merawat ikan cupang agar warnanya bagus,rekomendasi akuarium ikan hias minimalis,jenis reptil untuk pemula yang aman,cara merawat kura kura brazil,harga sugar glider joey,toko perlengkapan hewan eksotis jakarta,cara merawat burung lovebird biar ngekek panjang,makanan ikan koi biar cepat besar,rekomendasi kandang hamster yang luas,cara memandikan kelinci yang benar,jenis ikan hias air tawar yang mudah dipelihara,komunitas pecinta reptil indonesia,cara merawat landak mini galak,harga burung kacer gacor,rekomendasi substrat kandang kura kura darat,pakan alternatif ikan lele murah,cara ternak jangkrik untuk pakan burung,jenis tarantula untuk pemula,cara merawat ikan guppy agar tidak mudah mati,toko ikan hias terdekat dan murah,tips memelihara otter di rumah
Entertainment,Comedian,jadwal stand up comedy jakarta 2025,komika indonesia terlucu 2025,tiket standup fest 2025,profil rigen rakeltna,acara komedi tv indonesia terbaru,komika jebolan suci yang sukses,jadwal tour stand up comedy pandji 2025,komunitas stand up indo jakarta pusat,podcast komedi indonesia terbaik,siapa komika somasi terbaru,harga tiket pertunjukan spesial raditya dika,komika wanita indonesia terpopuler,video stand up comedy paling pecah,komika yang main film agak laen,jadwal open mic stand up comedy terdekat,biaya mengundang komika untuk acara perusahaan,profil indra jegel,komika yang sering roasting pejabat,acara stand up comedy di netflix indonesia,profil boris bokir,grup lawak indonesia legendaris,komika asal surabaya yang terkenal,kompetisi stand up comedy 2025,video roasting kiky saputri terbaru
Entertainment,Musician,jadwal konser musik jakarta 2025,harga tiket konser maroon 5 jakarta 2025,profil band dewa 19,lagu indonesia terbaru viral tiktok 2025,jadwal manggung tulus 2025,lirik lagu mahalini terbaru,tiket konser green day jakarta 2025,festival musik big bang jakarta 2025,jadwal konser coldplay asia 2025,band indie indonesia terpopuler 2025,profil penyanyi bernadya,harga tiket konser seventeen di jis,lagu galau indonesia terbaik 2025,konser musik gratis di jakarta hari ini,profil denny caknan,jadwal pestapora 2025,tiket konser the corrs jakarta 2025,musisi jazz indonesia muda,lagu pop indonesia top charts 2025,profil isyana sarasvati,jadwal konser yoasobi jakarta 2025,grup musik ambyar terpopuler,tiket soundrenaline 2025,profil raisa andriana
Entertainment,Cinema,film indonesia terbaru 2025 bioskop,jadwal tayang film jumbo animasi,review film agak laen menyala pantiku,sinopsis film sore istri dari masa depan,film horor indonesia terlaris 2025,jadwal bioskop xxi hari ini jakarta,harga tiket bioskop premiere weekend,film marvel terbaru 2025,rekomendasi film netflix indonesia terbaik,urutan film conjuring universe,review film pabrik gula,film komedi indonesia lucu 2025,jadwal rilis film avatar 3,sinopsis film petaka gunung gede,rekomendasi film action barat 2025,film bioskop yang akan tayang bulan depan,cara beli tiket bioskop online mtix,film romantis indonesia bikin baper,jadwal tayang film komang,review film pengepungan di bukit duri,film animasi disney terbaru 2025,rekomendasi series indonesia di vidio,film horor barat terseram 2025,daftar pemenang festival film indonesia 2025
Entertainment,Storyteller,cara menjadi storyteller yang baik,lomba mendongeng anak nasional 2025,cerita dongeng sebelum tidur untuk anak,komunitas pendongeng indonesia,manfaat storytelling untuk perkembangan anak,naskah dongeng bahasa indonesia singkat,video storytelling juara nasional,kursus storytelling untuk guru tk,buku dongeng anak bergambar terbaik,teknik suara dalam storytelling,cerita rakyat indonesia untuk lomba,profil paman gery pendongeng,festival dongeng internasional indonesia 2025,tips membacakan buku cerita agar menarik,alat peraga storytelling sederhana,cerita fabel singkat penuh pesan moral,sejarah storytelling di indonesia,pelatihan mendongeng untuk orang tua,youtube channel dongeng anak indonesia,naskah storytelling bahasa inggris dan artinya,lomba bercerita bagi siswa sd 2025,media pembelajaran storytelling,tokoh pendongeng legendaris indonesia,pentingnya literasi dini melalui dongeng
Entertainment,Books,novel indonesia best seller 2025,rekomendasi buku self improvement terbaik,buku the let them theory bahasa indonesia,review novel laut bercerita,toko buku gramedia terdekat,rekomendasi novel wattpad yang sudah diterbitkan,buku fiksi sejarah indonesia terbaik,harga novel bumi manusia original,buku tentang finansial untuk pemula,rekomendasi buku untuk anak usia dini,novel terjemahan korea best seller,buku psikologi populer best seller,bazar buku big bad wolf 2025,rekomendasi buku bisnis untuk pemula,judul novel teenlit terbaru,cara menerbitkan buku sendiri,buku motivasi hidup best seller,komunitas baca buku jakarta,rekomendasi ebook gratis legal indonesia,novel horor indonesia terseram,buku parenting terbaik 2025,resensi novel laskar pelangi,penulis novel indonesia terpopuler,rak buku minimalis modern
Entertainment,Dancer,sanggar tari tradisional terdekat,tren dance tiktok 2025 viral,biaya kursus ballet anak jakarta,jadwal pementasan tari di tim,sejarah tari piring dan asalnya,tutorial dance kpop untuk pemula,komunitas street dance jakarta,baju tari tradisional sewaan,manfaat menari untuk kesehatan fisik,tari kreasi baru nusantara,profil didik nini thowok,lomba tari kreasi nasional 2025,sekolah tari kontemporer di indonesia,gerakan dasar tari bali,kostum tari saman aceh,sanggar tari jaipong bandung,tips menghafal koreografi dance,jenis tarian daerah dan asalnya,video tutorial tari tradisional simple,festival tari internasional indonesia,kursus breakdance untuk pemula,sejarah tari kecak bali,perlengkapan tari perut,grup dance cover kpop indonesia
Entertainment,Podcasts,rekomendasi podcast spotify indonesia lucu,podcast horor indonesia terseram,cara membuat podcast untuk pemula,podcast pengembangan diri terbaik,podcast cerita kriminal indonesia,podcast deddy corbuzier terbaru,alat rekaman podcast murah berkualitas,podcast kesehatan mental indonesia,rekomendasi podcast bisnis dan keuangan,podcast belajar bahasa inggris,podcast sejarah indonesia menarik,cara upload podcast ke spotify,top chart podcast indonesia 2025,podcast diskusi politik terkini,podcast parenting terbaik,rekomendasi podcast cerita fiksi audio,podcast review film indonesia,keuntungan menjadi podcaster,podcast olahraga sepak bola indonesia,podcast teknologi dan gadget,studio rekaman podcast sewaan jakarta,podcast motivasi pagi hari,podcast misteri kisah nyata,tips monetisasi podcast pemula
Entertainment,Visual Arts,jadwal pameran art jakarta 2025,galeri seni emiria soenassa tim,tiket masuk museum macan terbaru,pameran seni rupa kontemporer jakarta,profil seniman raden saleh,workshop melukis untuk pemula jakarta,alat lukis cat air yang bagus,sejarah seni rupa indonesia modern,komunitas sketcher jakarta,jadwal pameran di galeri nasional,tips investasi karya seni bagi pemula,museum seni rupa dan keramik kota tua,lomba lukis nasional 2025,teknik dasar menggambar sketsa,seniman visual art muda indonesia,toko alat seni lengkap di jakarta,pengertian seni instalasi dan contohnya,festival seni media baru,biaya kursus melukis dewasa,karya seni agus suwage,pameran seni digital imersif,cara menjual lukisan online,museum seni terbaik di ubud bali,jenis aliran seni lukis
Education & Skills,Education,syarat pendaftaran beasiswa lpdp 2025,biaya kuliah ui jalur mandiri 2025,jurusan kuliah sepi peminat tapi prospek kerja bagus,aplikasi belajar online terbaik untuk sd,cara cek akreditasi kampus di ban pt,materi utbk snbt 2025,rekomendasi bimbel online terbaik untuk sma,biaya masuk sekolah internasional jakarta,daftar ptn terbaik di indonesia 2025,syarat masuk kedinasan stan 2025,cara mendapatkan beasiswa s1 luar negeri,info pendaftaran ppg prajabatan 2025,contoh soal tes potensi skolastik,biaya kuliah di binus per semester,jurusan teknik informatika terbaik di indonesia,jadwal pendaftaran kip kuliah 2025,rekomendasi buku toefl terbaik,situs jurnal ilmiah gratis indonesia,biaya les bahasa inggris di ef,syarat pindah sekolah sd,daftar politeknik negeri terbaik,tips lolos snbp 2025,biaya sekolah alam di bandung,program pertukaran pelajar sma 2025
Education & Skills,Working,situs lowongan kerja terpercaya 2025,syarat pendaftaran cpns 2025,contoh cv ats friendly bahasa indonesia,tips interview kerja bagi fresh graduate,cara membuat surat lamaran kerja via email,gaji umr jakarta 2025 terbaru,lowongan kerja bumn lulusan sma,cara negosiasi gaji saat offering,situs freelance untuk mahasiswa,cara cek saldo bpjs ketenagakerjaan,hak cuti karyawan swasta,contoh portofolio kerja yang menarik,lowongan magang merdeka 2025,cara menghitung pph 21 karyawan,tips sukses psikotes kerja,daftar perusahaan startup unicorn indonesia,lowongan kerja remote luar negeri,cara klaim jht online,tes kepribadian mbti untuk karir,lowongan kerja part time mahasiswa,tips menghadapi atasan toxic,syarat bikin kartu kuning online,lowongan kerja admin media sosial,cara resign yang baik dan profesional
Education & Skills,DIY & Tutorials,cara membuat buket uang simple,tutorial makeup wisuda sendiri tahan lama,diy dekorasi kamar estetik low budget,cara membuat tas dari tali kur,tutorial edit video capcut jedag jedug,cara merajut tas untuk pemula,resep slime tanpa borax aman,diy rak buku dari kardus bekas,tutorial hijab pashmina menutup dada,cara membuat lilin aromaterapi di rumah,diy kado ulang tahun unik buatan sendiri,cara menjahit baju untuk pemula,tutorial menggambar anime langkah demi langkah,cara membuat sabun cuci piring sendiri,diy pot bunga dari botol bekas,tutorial excel untuk admin kantor,cara membuat website gratis di wordpress,diy hiasan dinding macrame,tutorial gitar lagu pop indonesia mudah,cara membuat logo online gratis,diy masker wajah alami untuk jerawat,tutorial fotografi menggunakan hp,cara membuat filter instagram sendiri,diy tempat pensil dari kain flanel
Education & Skills,Language Learning,kursus bahasa inggris jakarta selatan terbaik,cara belajar bahasa korea otodidak,aplikasi belajar bahasa jepang gratis,biaya tes ielts di indonesia 2025,tips lancar speaking bahasa inggris,belajar bahasa mandarin untuk pemula,rekomendasi kamus bahasa arab indonesia,kursus bahasa jerman persiapan ausbildung,situs tes toefl online gratis bersertifikat,cara menghafal kosakata bahasa inggris dengan cepat,belajar bahasa isyarat indonesia bisindo,rekomendasi channel youtube belajar bahasa inggris,biaya kursus bahasa prancis di ifi,tips belajar bahasa spanyol dasar,aplikasi penerjemah bahasa akurat selain google translate,kelas bahasa inggris untuk karyawan,belajar bahasa rusia dari nol,sertifikat bahasa inggris untuk kerja,komunitas polyglot indonesia,cara meningkatkan skor toefl listening,belajar bahasa thailand untuk traveling,kursus bahasa belanda online,tips belajar grammar bahasa inggris mudah,manfaat belajar bahasa asing untuk karir
Education & Skills,Student Life,tips mengatur keuangan anak kos anti boncos,rekomendasi laptop untuk mahasiswa teknik,resep masakan anak kos rice cooker,apa itu sks dan ipk dalam kuliah,tips mengerjakan skripsi biar cepat selesai,kost dekat ui depok murah,perlengkapan mahasiswa baru yang wajib dibawa,cara mendapatkan teman di kampus baru,aplikasi pengatur jadwal kuliah,kegiatan organisasi kampus yang bermanfaat,tips presentasi tugas kuliah yang menarik,biaya hidup mahasiswa di jogja 2025,cara mengatasi homesick anak rantau,outfit kuliah pria simple keren,ide bisnis sampingan untuk mahasiswa,apa itu sempro dan sidang skripsi,tips magang agar direkrut perusahaan,rekomendasi printer murah untuk mahasiswa,cara menulis jurnal ilmiah mahasiswa,beasiswa untuk mahasiswa aktif semester 5,tips menghadapi dosen killer,tempat nongkrong nugas di malang,manfaat ikut ukm di kampus,cara membagi waktu kuliah dan organisasi
Education & Skills,Remote Working,kursus skill digital marketing untuk pemula,cara menjadi copywriter freelance,belajar coding python dari nol gratis,situs kursus online bersertifikat indonesia,cara menggunakan notion untuk produktivitas,skill yang dibutuhkan untuk virtual assistant,belajar seo website untuk pemula,kursus desain grafis online murah,cara menjadi konten kreator tiktok,belajar data analyst untuk non it,kursus ui ux design terbaik indonesia,cara jualan foto di shutterstock,tips public speaking online,belajar manajemen proyek untuk pemula,kursus video editing premiere pro,cara membuat portofolio online gratis,belajar digital illustration di ipad,kursus social media management,tips menjadi affiliate marketer sukses,belajar bahasa pemrograman java,cara menggunakan canva untuk desain,kursus toefl preparation online,belajar microsoft office lengkap,cara menjadi voice over talent
Education & Skills,Finances,cara investasi reksadana untuk pemula modal kecil,tips menabung harian anak sekolah,aplikasi pencatat keuangan pribadi gratis,cara menghitung dana darurat ideal,investasi emas antam atau digital,cara melunasi hutang pinjol dengan cepat,rekomendasi saham blue chip indonesia 2025,tips budgeting gaji umr jakarta,cara membuka rekening saham online,pengertian inflasi dan dampaknya,cara kerja kartu kredit dan bunganya,investasi obligasi negara ori 2025,cara membedakan investasi bodong,tips membeli rumah pertama kpr,cara mengatur cash flow bisnis kecil,asuransi jiwa vs asuransi kesehatan,cara mendapatkan passive income mahasiswa,rekomendasi deposito bank bunga tinggi,tips hemat belanja bulanan rumah tangga,cara investasi crypto yang aman,manfaat dana pensiun dini,biaya admin bank termurah,tips mengajukan kpr agar disetujui,cara membaca laporan keuangan sederhana
